{
    "sum": 3589642,
    "avr": 150.82529411764705,
    "sumMD": 22728,
    "avrMD": 162.34285714285716,
    "sumSD": 22021,
    "avrSD": 157.29285714285714,
    "max": 284,
    "min": 18
}